Name,YelpURL,Timings ,ContactNo,Address,Claimed,BizURL
,https://www.yelp.com/search?find_desc=Math+Tutoring+Center&find_loc=Miami%2C+FL&start=120,,,,,
,https://www.yelp.com/search?find_desc=Math+Tutoring+Center&find_loc=Miami%2C+FL&start=110,,,,,
,https://www.yelp.com/search?find_desc=Math+Tutoring+Center&find_loc=Miami%2C+FL&start=100,,,,,
,https://www.yelp.com/search?find_desc=Math+Tutoring+Center&find_loc=Miami%2C+FL&start=90,,,,,
Kumon Math and Reading Center of Davie - Cooper City,https://www.yelp.com/biz/kumon-math-and-reading-center-of-davie-cooper-city-davie?osq=Math+Tutoring+Center,Mon3:30 PM - 7:30 PMTue3:30 PM - 7:30 PMWedClosedClosed nowThu3:30 PM - 7:30 PMFri3:30 PM - 7:30 PMSatClosedSunClosed,Claimed,"5810 S University Dr Ste 103 Davie, FL 33328",Claimed,https://www.kumon.com/DAVIE-COOPER-CITY
,https://www.yelp.com/biz/team-of-tutors-cooper-city?osq=Math+Tutoring+Center,,,,,
SoFlo SAT Tutoring,https://www.yelp.com/biz/soflo-sat-tutoring-davie?osq=Math+Tutoring+Center,Mon6:00 AM - 10:00 PMTue6:00 AM - 10:00 PMWed6:00 AM - 10:00 PMOpen nowThu6:00 AM - 10:00 PMFri6:00 AM - 8:00 PMSat6:00 AM - 8:00 PMSun6:00 AM - 10:00 PM,Claimed,"5660 Griffin Rd Ste 101 Davie, FL 33314",Claimed,http://soflotutors.com
,https://www.yelp.com/biz/omega-learning-center-doral-doral?osq=Math+Tutoring+Center,,,,,
Kumon Math and Reading Center of Pembroke Pines - West,https://www.yelp.com/biz/kumon-math-and-reading-center-of-pembroke-pines-west-pembroke-pines-2?osq=Math+Tutoring+Center,Mon2:00 PM - 7:00 PMTueClosedWedClosedClosed nowThu2:00 PM - 7:00 PMFriClosedSat10:00 AM - 12:00 PMSunClosed,Claimed,"19431 Sheridan St Pembroke Pines, FL 33332",Claimed,https://www.kumon.com/PEMBROKE-PINES-WEST
,https://www.yelp.com/biz/ms-zeebra-play-and-learn-miami-2?osq=Math+Tutoring+Center,,,,,
Kumon Math and Reading Center of Davie - Southwest Ranches,https://www.yelp.com/biz/kumon-math-and-reading-center-of-davie-southwest-ranches-davie?osq=Math+Tutoring+Center,Mon2:00 PM - 8:00 PMTue2:00 PM - 8:00 PMWed2:00 PM - 8:00 PMClosed nowThu2:00 PM - 8:00 PMFri2:00 PM - 8:00 PMSatClosedSunClosed,Claimed,"4919 SW 148th Ave Davie, FL 33330",Claimed,https://www.kumon.com/davie-fl
,https://www.yelp.com/biz/club-z-in-home-tutoring-miami?osq=Math+Tutoring+Center,,,,,
Kumon Math and Reading Center of Pinecrest,https://www.yelp.com/biz/kumon-math-and-reading-center-of-pinecrest-pinecrest-2?osq=Math+Tutoring+Center,Mon10:00 AM - 8:00 PMTue10:00 AM - 8:00 PMWed10:00 AM - 1:00 PMOpen nowThu10:00 AM - 8:00 PMFri10:00 AM - 8:00 PMSatClosedSunClosed,Claimed,"12195 S Dixie Hwy Dixie Belle Plaza Pinecrest, FL 33156",Claimed,https://www.kumon.com/PINECREST
London Achievement Processes,https://www.yelp.com/biz/london-achievement-processes-miami?osq=Math+Tutoring+Center,Mon8:00 AM - 6:00 PMTue8:00 AM - 6:00 PMWed8:00 AM - 6:00 PMOpen nowThu8:00 AM - 6:00 PMFri8:00 AM - 6:00 PMSatClosedSunClosed,Unclaimed,"5582 NE 4th Ct Ste 5 Miami, FL 33137",Unclaimed,http://www.londonachievementprocesses.com
,https://www.yelp.com/search?find_desc=Math+Tutoring+Center&find_loc=Miami%2C+FL&start=70,,,,,
Boca Tutor,https://www.yelp.com/biz/boca-tutor-boca-raton?osq=Math+Tutoring+Center,Mon4:00 PM - 4:00 AM (Next day)Tue4:00 PM - 4:00 AM (Next day)Wed4:00 PM - 4:00 AM (Next day)Closed nowThu4:00 PM - 4:00 AM (Next day)Fri4:00 PM - 4:00 AM (Next day)SatOpen 24 hoursSunOpen 24 hours,Unclaimed,"8185 Via Ancho Rd Boca Raton, FL 33433",Unclaimed,https://bocatutor.me
,https://www.yelp.com/biz/ez-tutoring-hialeah-2?osq=Math+Tutoring+Center,,,,,
,https://www.yelp.com/biz/torriente-math-tutoring-medley?osq=Math+Tutoring+Center,,,,,
All Stars Education Academy,https://www.yelp.com/biz/all-stars-education-academy-miami-gardens?osq=Math+Tutoring+Center,Mon9:00 AM - 8:00 PMTue9:00 AM - 8:00 PMWed9:00 AM - 8:00 PMOpen nowThu9:00 AM - 8:00 PMFri12:00 PM - 8:00 PMSat10:00 AM - 3:00 PMSunClosed,Claimed,"5901 NW 183rd St Ste 307 Miami Gardens, FL 33015",Claimed,https://allstarseducationacademy.com
Kumon Math and Reading Center of Hollywood - Sheridan,https://www.yelp.com/biz/kumon-math-and-reading-center-of-hollywood-sheridan-hollywood?osq=Math+Tutoring+Center,Mon12:30 PM - 7:00 PMTue11:00 AM - 7:00 PMWed10:30 AM - 6:00 PMOpen nowThu12:30 PM - 7:00 PMFri10:00 AM - 4:00 PMSatClosedSunClosed,Claimed,"3315 Sheridan St Hollywood, FL 33021",Claimed,https://www.kumon.com/hollywood-sheridan
,https://www.yelp.com/biz/simplicalc-tutoring-davie?osq=Math+Tutoring+Center,,,,,
Full Potential Learning Academy,https://www.yelp.com/biz/full-potential-learning-academy-miami-2?osq=Math+Tutoring+Center,Mon2:15 PM - 8:15 PMTue2:15 PM - 8:15 PMWed2:15 PM - 8:15 PMClosed nowThu2:15 PM - 8:15 PMFri3:00 PM - 7:30 PMSat10:00 AM - 1:45 PMSunClosed,Claimed,"7950 NW 155th St Ste 103 Miami, FL 33016",Claimed,http://www.fullpotentialtutor.com
PERT Test Readiness,https://www.yelp.com/biz/pert-test-readiness-plantation-2?osq=Math+Tutoring+Center,MonClosedTueClosedWedClosedClosed nowThuClosedFriClosedSat10:00 AM - 2:00 PMSunClosed,Claimed,"5211 W Broward Blvd Plantation, FL 33317",Claimed,http://www.theperttest.com
,https://www.yelp.com/biz/mathnasium-homestead?osq=Math+Tutoring+Center,,,,,
,https://www.yelp.com/biz/lindamood-bell-weston?osq=Math+Tutoring+Center,,,,,
,https://www.yelp.com/search?find_desc=Math+Tutoring+Center&find_loc=Miami%2C+FL&start=60,,,,,
Miami Learning Center,https://www.yelp.com/biz/miami-learning-center-miami?osq=Math+Tutoring+Center,Mon8:30 AM - 6:30 PMTue8:30 AM - 6:30 PMWed8:30 AM - 6:30 PMOpen nowThu8:30 AM - 6:30 PMFri8:30 AM - 6:30 PMSatClosedSunClosed,Claimed,"2710 SW 37th Ave Ste 200 Miami, FL 33133",Claimed,http://www.miamilearningcenter.net
Broward Tutorial Services,https://www.yelp.com/biz/broward-tutorial-services-weston?osq=Math+Tutoring+Center,Mon10:00 AM - 10:00 PMTue10:00 AM - 10:00 PMWed10:00 AM - 10:00 PMOpen nowThu10:00 AM - 10:00 PMFriClosedSat10:00 AM - 8:00 PMSun10:00 AM - 8:00 PM,Claimed,"2883 Executive Park Dr Weston, FL 33331",Claimed,http://www.browardtutorialservices.com
Kumon Math and Reading Center of Miami Lakes,https://www.yelp.com/biz/kumon-math-and-reading-center-of-miami-lakes-miami-lakes-2?osq=Math+Tutoring+Center,Mon3:00 PM - 7:30 PMTueClosedWed4:00 PM - 7:00 PMClosed nowThu3:00 PM - 7:30 PMFriClosedSat3:00 PM - 6:00 PMSun11:00 AM - 2:00 PM,Claimed,"5803 151st St NW Ste 100 Miami Lakes, FL 33014",Claimed,https://www.kumon.com/MIAMI-LAKES
JLP Education Services,https://www.yelp.com/biz/jlp-education-services-hollywood-3?osq=Math+Tutoring+Center,Mon9:00 AM - 9:00 PMTue9:00 AM - 9:00 PMWed9:00 AM - 9:00 PMOpen nowThu9:00 AM - 9:00 PMFri9:00 AM - 9:00 PMSat9:00 AM - 5:00 PMSun9:00 AM - 5:00 PM,Claimed,"4000 Hollywood Blvd Ste 558 Hollywood, FL 33021",Claimed,http://jlpeducationservices.com
Kumon Math and Reading Center of Kendall - North,https://www.yelp.com/biz/kumon-math-and-reading-center-of-kendall-north-miami-3?osq=Math+Tutoring+Center,Mon10:00 AM - 7:00 PMTue10:00 AM - 7:00 PMWed10:00 AM - 7:00 PMOpen nowThu10:00 AM - 7:00 PMFri10:00 AM - 7:00 PMSat10:00 AM - 3:00 PMSunClosed,Claimed,"8312 Mills Dr Miami, FL 33183",Claimed,https://www.kumon.com/KENDALL-NORTH
Varsity Tutors,https://www.yelp.com/biz/varsity-tutors-miami?osq=Math+Tutoring+Center,Mon8:00 AM - 9:00 PMTue8:00 AM - 9:00 PMWed8:00 AM - 9:00 PMOpen nowThu8:00 AM - 9:00 PMFri8:00 AM - 9:00 PMSat8:00 AM - 9:00 PMSun8:00 AM - 9:00 PM,Claimed,"2026 NW 3rd St Miami, FL 33125",Claimed,http://www.varsitytutors.com/tutoring-miami
Tutors 4 Tests,https://www.yelp.com/biz/tutors-4-tests-miami-gardens?osq=Math+Tutoring+Center,Mon9:00 AM - 8:00 PMTue9:00 AM - 8:00 PMWed9:00 AM - 8:00 PMOpen nowThu9:00 AM - 8:00 PMFri9:00 AM - 8:00 PMSat9:00 AM - 8:00 PMSun9:00 AM - 8:00 PM,Claimed,"5881 NW 151st St Ste 104 Miami Gardens, FL 33014",Claimed,http://www.tutors4tests.com
Just Pass It,https://www.yelp.com/biz/just-pass-it-cooper-city?osq=Math+Tutoring+Center,Mon2:00 PM - 8:00 PMTue2:00 PM - 8:00 PMWed2:00 PM - 8:00 PMClosed nowThu2:00 PM - 8:00 PMFri2:00 PM - 6:00 PMSatClosedSunClosed,Unclaimed,"10032 Griffin Rd Cooper City, FL 33328",Unclaimed,https://www.justpassit.com
Acadomia Tutoring,https://www.yelp.com/biz/acadomia-tutoring-south-miami?osq=Math+Tutoring+Center,Mon9:00 AM - 6:30 PMTue9:00 AM - 6:30 PMWed9:00 AM - 6:30 PMOpen nowThu9:00 AM - 6:30 PMFri9:00 AM - 6:30 PMSatClosedSunClosed,Unclaimed,"5790 Sunset Dr South Miami, FL 33143",Unclaimed,http://www.acadomia.com
,https://www.yelp.com/search?find_desc=Math+Tutoring+Center&find_loc=Miami%2C+FL&start=50,,,,,
SoFlo SAT Tutoring,https://www.yelp.com/biz/soflo-sat-tutoring-hollywood-3?osq=Math+Tutoring+Center,Mon6:00 AM - 10:00 PMTue6:00 AM - 10:00 PMWed6:00 AM - 10:00 PMOpen nowThu6:00 AM - 10:00 PMFri6:00 AM - 8:00 PMSat6:00 AM - 8:00 PMSun6:00 AM - 10:00 PM,Claimed,"11360 Lakeshore Dr Hollywood, FL 33026",Claimed,https://soflotutors.com
Kumon Math and Reading Center of Weston - South,https://www.yelp.com/biz/kumon-math-and-reading-center-of-weston-south-weston-2?osq=Math+Tutoring+Center,Mon11:00 AM - 6:00 PMTue11:00 AM - 6:00 PMWed2:00 PM - 7:30 PMClosed nowThu11:00 AM - 6:00 PMFri2:00 PM - 7:30 PMSatClosedSunClosed,Claimed,"2209 N Commerce Pkwy Weston, FL 33326",Claimed,https://www.kumon.com/WESTON-SOUTH-FL
Sylvan Learning of Pembroke Pines,https://www.yelp.com/biz/sylvan-learning-of-pembroke-pines-pembroke-pines-3?osq=Math+Tutoring+Center,Mon10:30 AM - 6:30 PMTue10:30 AM - 6:30 PMWed10:30 AM - 6:30 PMOpen nowThu10:30 AM - 6:30 PMFriClosedSat9:00 AM - 3:00 PMSunClosed,Claimed,"12592 Pine Blvd Suite 101 Pembroke Pines, FL 33027",Claimed,https://locations.sylvanlearning.com/us/pembroke-pines-fl?utm_source=yelp&utm_medium=iyp&utm_content=NAC-USA-DAC1-directory-yelp-100004&utm_campaign=ppcall
Kumon Math and Reading Center of Miramar,https://www.yelp.com/biz/kumon-math-and-reading-center-of-miramar-miramar-2?osq=Math+Tutoring+Center,Mon11:00 AM - 7:00 PMTue11:00 AM - 2:00 PMWed11:00 AM - 2:00 PMOpen nowThu11:00 AM - 7:00 PMFriClosedSatClosedSunClosed,Claimed,"16391 Miramar Pkwy Miramar, FL 33027",Claimed,https://www.kumon.com/MIRAMAR
Lindamood-Bell,https://www.yelp.com/biz/lindamood-bell-coral-gables?osq=Math+Tutoring+Center,Mon8:00 AM - 6:00 PMTue8:00 AM - 6:00 PMWed8:00 AM - 6:00 PMOpen nowThu8:00 AM - 6:00 PMFri8:00 AM - 6:00 PMSat9:00 AM - 1:00 PMSunClosed,Claimed,"806 S Douglas Rd Ste 100 Coral Gables, FL 33134",Claimed,http://lindamoodbell.com/location/miami-fl-learning-center
Sanderson Test Prep,https://www.yelp.com/biz/sanderson-test-prep-coral-gables?osq=Math+Tutoring+Center,Mon8:00 AM - 8:00 PMTue8:00 AM - 8:00 PMWed8:00 AM - 8:00 PMOpen nowThu8:00 AM - 8:00 PMFri8:00 AM - 8:00 PMSat8:00 AM - 8:00 PMSun8:00 AM - 8:00 PM,Claimed,"2332 Galiano St Fl 2 Coral Gables, FL 33134",Claimed,http://www.sandersontestprep.com
What's On Your Mind,https://www.yelp.com/biz/whats-on-your-mind-miami-3?osq=Math+Tutoring+Center,Mon9:00 AM - 8:00 PMTue9:00 AM - 8:00 PMWed9:00 AM - 8:00 PMOpen nowThu9:00 AM - 8:00 PMFri9:00 AM - 8:00 PMSat9:00 AM - 5:00 PMSunClosed,Claimed,"11285 SW 211th St Ste 405 Miami, FL 33189",Claimed,http://woym.net/find-center/
Kumon Math and Reading Center of Miami Shores,https://www.yelp.com/biz/kumon-math-and-reading-center-of-miami-shores-miami-shores-2?osq=Math+Tutoring+Center,Mon10:00 AM - 5:00 PMTue10:00 AM - 5:30 PMWed10:00 AM - 5:00 PMOpen nowThu10:00 AM - 5:00 PMFri10:00 AM - 5:30 PMSatClosedSunClosed,Claimed,"9517 NE 2nd Ave Miami Shores, FL 33138",Claimed,https://www.kumon.com/miami-shores
Reading Math & Learning Center,https://www.yelp.com/biz/reading-math-and-learning-center-north-miami-beach?osq=Math+Tutoring+Center,,Unclaimed,"1881 NE 164th St North Miami Beach, FL 33162",Unclaimed,
,https://www.yelp.com/search?find_desc=Math+Tutoring+Center&find_loc=Miami%2C+FL&start=40,,,,,
Kumon Math and Reading Center of Miami - Coral Way East,https://www.yelp.com/biz/kumon-math-and-reading-center-of-miami-coral-way-east-miami?osq=Math+Tutoring+Center,Mon12:00 PM - 7:00 PMTue12:00 PM - 5:00 PMWed12:00 PM - 5:00 PMOpen nowThu12:00 PM - 7:00 PMFri10:00 AM - 3:00 PMSatClosedSunClosed,Claimed,"2521 Coral Way Miami, FL 33145",Claimed,https://www.kumon.com/MIAMI-CORAL-WAY-EAST
Tutoring Service by Ash Fahmy,https://www.yelp.com/biz/tutoring-service-by-ash-fahmy-miami?osq=Math+Tutoring+Center,Mon3:00 PM - 7:00 PMTue3:00 PM - 7:00 PMWed3:00 PM - 7:00 PMClosed nowThu3:00 PM - 7:00 PMFri3:00 PM - 7:00 PMSatClosedSunClosed,Claimed,"6795 SW 98th St Miami, FL 33156",Claimed,https://tutoringbyash.business.site
Mathnasium,https://www.yelp.com/biz/mathnasium-hollywood-4?osq=Math+Tutoring+Center,Mon3:00 PM - 7:30 PMTue3:00 PM - 7:30 PMWed3:00 PM - 7:30 PMClosed nowThu3:00 PM - 7:30 PMFriClosedSatClosedSun1:00 PM - 5:00 PM,Claimed,"3395 Sheridan St Hollywood, FL 33021",Claimed,http://www.mathnasium.com/hollywood
Mathnasium of Miami Beach,https://www.yelp.com/biz/mathnasium-of-miami-beach-miami-beach?osq=Math+Tutoring+Center,Mon3:00 PM - 7:00 PMTue3:00 PM - 7:00 PMWed2:00 PM - 7:00 PMClosed nowThu3:00 PM - 7:00 PMFriClosedSatClosedSun2:00 PM - 6:00 PM,Unclaimed,"519 W 41st St Miami Beach, FL 33140",Unclaimed,http://www.mathnasium.com/miamibeach
Learn To Learn Math,https://www.yelp.com/biz/learn-to-learn-math-doral?osq=Math+Tutoring+Center,Mon9:00 AM - 8:00 PMTue9:00 AM - 8:00 PMWed9:00 AM - 8:00 PMOpen nowThu9:00 AM - 8:00 PMFri9:00 AM - 6:00 PMSat9:00 AM - 1:00 PMSunClosed,Claimed,"10915 NW 70th St Doral, FL 33178",Claimed,https://www.learntolearnmath.com
GradePower Learning,https://www.yelp.com/biz/gradepower-learning-coral-gables?osq=Math+Tutoring+Center,Mon10:00 AM - 8:00 PMTue10:00 AM - 8:00 PMWed10:00 AM - 8:00 PMOpen nowThu10:00 AM - 8:00 PMFri10:00 AM - 5:00 PMSat10:00 AM - 1:00 PMSunClosed,Unclaimed,"218 Almeria Ave Coral Gables, FL 33134",Unclaimed,https://gradepowerlearning.com/locations/tutor-coral-gables/
Sapneil Tutoring,https://www.yelp.com/biz/sapneil-tutoring-miami-2?osq=Math+Tutoring+Center,Mon7:00 AM - 11:00 PMTue7:00 AM - 11:00 PMWed7:00 AM - 11:00 PMOpen nowThu7:00 AM - 11:00 PMFri7:00 AM - 11:00 PMSat7:00 AM - 11:00 PMSun7:00 AM - 11:00 PM,Claimed,"1405 SW 107th Ave Ste 205 C Miami, FL 33174",Claimed,http://sapneiltutoring.com
The Tutoring Center - Miramar,https://www.yelp.com/biz/the-tutoring-center-miramar-miramar?osq=Math+Tutoring+Center,Mon2:30 PM - 7:30 PMTue2:30 PM - 7:30 PMWed2:30 PM - 7:30 PMClosed nowThu2:30 PM - 7:30 PMFriClosedSat10:30 AM - 2:30 PMSunClosed,Claimed,"10930 Pembroke Rd Miramar, FL 33025",Claimed,http://miramar.tutoringcenter.com
Think Wise Tutoring,https://www.yelp.com/biz/think-wise-tutoring-hialeah?osq=Math+Tutoring+Center,Mon3:00 PM - 7:00 PMTue3:00 PM - 7:00 PMWed3:00 PM - 7:00 PMClosed nowThu3:00 PM - 7:00 PMFri3:00 PM - 7:00 PMSat10:00 AM - 2:00 PMSunClosed,Claimed,"6900 W 32nd Ave Ste 11 Hialeah, FL 33018",Claimed,http://www.thinkwisetutoring.com
Kumon Math and Reading Center of Tamiami - West,https://www.yelp.com/biz/kumon-math-and-reading-center-of-tamiami-west-miami-2?osq=Math+Tutoring+Center,Mon2:00 PM - 7:00 PMTue2:00 PM - 7:00 PMWed2:00 PM - 7:00 PMClosed nowThu2:00 PM - 7:00 PMFri2:00 PM - 7:00 PMSatClosedSunClosed,Claimed,"14459 SW 42nd St Miami, FL 33175",Claimed,https://www.kumon.com/west-kendall
,https://www.yelp.com/search?find_desc=Math+Tutoring+Center&find_loc=Miami%2C+FL&start=30,,,,,
Mathnasium,https://www.yelp.com/biz/mathnasium-cooper-city-4?osq=Math+Tutoring+Center,Mon3:00 PM - 7:00 PMTue3:00 PM - 7:00 PMWed3:00 PM - 7:00 PMClosed nowThu3:00 PM - 7:00 PMFriClosedSat11:00 AM - 3:00 PMSunClosed,Claimed,"5870 Flamingo Rd Cooper City, FL 33330",Claimed,http://www.mathnasium.com/coopercity
Mathnasium of North Miami,https://www.yelp.com/biz/mathnasium-of-north-miami-north-miami?osq=Math+Tutoring+Center,Mon2:30 PM - 7:30 PMTue2:30 PM - 7:30 PMWed2:30 PM - 7:30 PMClosed nowThu2:30 PM - 7:30 PMFriClosedSatClosedSun2:00 PM - 6:00 PM,Claimed,"12405 Biscayne Blvd North Miami, FL 33181",Claimed,http://www.mathnasium.com/northmiami
Mathnasium,https://www.yelp.com/biz/mathnasium-pembroke-pines-4?osq=Math+Tutoring+Center,Mon3:00 PM - 8:00 PMTue3:00 PM - 7:00 PMWed3:00 PM - 8:00 PMClosed nowThu3:00 PM - 8:00 PMFriClosedSat11:00 AM - 3:00 PMSunClosed,Claimed,"14946 Pines Blvd Pembroke Pines, FL 33027",Claimed,http://www.mathnasium.com/pembrokepines
,https://www.yelp.com/biz/professor-serna-miami?osq=Math+Tutoring+Center,,,,,
Score At The Top Learning Center & School,https://www.yelp.com/biz/score-at-the-top-learning-center-and-school-miami?osq=Math+Tutoring+Center,Mon5:00 AM - 11:30 PMTue5:00 AM - 11:30 PMWed5:00 AM - 11:30 PMOpen nowThu5:00 AM - 11:30 PMFri5:00 AM - 11:30 PMSat5:00 AM - 11:30 PMSun5:00 AM - 11:30 PM,Claimed,"4700 Biscayne Blvd Ste 502 Miami, FL 33137",Claimed,http://www.scoreatthetop.com/miami-sat-act-test-prep-and-tutoring
Mathnasium of Tamiami,https://www.yelp.com/biz/mathnasium-of-tamiami-miami-2?osq=Math+Tutoring+Center,Mon3:00 PM - 7:30 PMTue3:00 PM - 7:30 PMWed3:00 PM - 7:30 PMClosed nowThu3:00 PM - 7:30 PMFriClosedSat10:00 AM - 1:00 PMSunClosed,Claimed,"13840 SW 8th St Miami, FL 33184",Claimed,http://www.mathnasium.com/tamiami
Never Stop Learning,https://www.yelp.com/biz/never-stop-learning-miami?osq=Math+Tutoring+Center,Mon2:00 PM - 8:00 PMTue2:00 PM - 8:00 PMWed2:00 PM - 8:00 PMClosed nowThu2:00 PM - 8:00 PMFri2:00 PM - 8:00 PMSat9:00 AM - 3:00 PMSunClosed,Claimed,"2500 SW 107th Ave Ste 43 Miami, FL 33165",Claimed,http://www.neverstoplearningmiami.com
Open Mind Learning and Fine Arts,https://www.yelp.com/biz/open-mind-learning-and-fine-arts-hialeah?osq=Math+Tutoring+Center,Mon2:00 PM - 6:30 PMTue2:00 PM - 6:30 PMWed2:00 PM - 6:30 PMClosed nowThu2:00 PM - 6:30 PMFri2:00 PM - 6:30 PMSatClosedSunClosed,Claimed,"342 E 9th St Hialeah, FL 33010",Claimed,http://Opmile.com
Kumon Math and Reading Center of Doral,https://www.yelp.com/biz/kumon-math-and-reading-center-of-doral-miami?osq=Math+Tutoring+Center,Mon9:00 AM - 7:00 PMTue9:00 AM - 5:00 PMWed9:00 AM - 5:00 PMOpen nowThu9:00 AM - 7:00 PMFri9:00 AM - 5:00 PMSatClosedSunClosed,Claimed,"10361 NW 41st St Doral, FL 33178",Claimed,https://www.kumon.com/DORAL-FL
Mathnasium Of Cutler Bay,https://www.yelp.com/biz/mathnasium-of-cutler-bay-cutler-bay?osq=Math+Tutoring+Center,Mon3:00 PM - 7:00 PMTue3:00 PM - 7:00 PMWed3:00 PM - 7:00 PMClosed nowThu3:00 PM - 7:00 PMFriClosedSat10:00 AM - 1:00 PMSunClosed,Unclaimed,"20461 Old Cutler Rd Cutler Bay, FL 33189",Unclaimed,https://www.mathnasium.com/cutlerbay
,https://www.yelp.com/search?find_desc=Math+Tutoring+Center&find_loc=Miami%2C+FL&start=20,,,,,
The Sunshine Method,https://www.yelp.com/biz/the-sunshine-method-miami-4?osq=Math+Tutoring+Center,Mon9:00 AM - 9:00 PMTue9:00 AM - 9:00 PMWed9:00 AM - 9:00 PMOpen nowThu9:00 AM - 9:00 PMFri9:00 AM - 9:00 PMSat9:00 AM - 12:00 PMSunClosed,Claimed,"325 S Biscayne Blvd Ste 3321 Miami, FL 33131",Claimed,http://www.TheSunshineMethod.com
Math Monkey,https://www.yelp.com/biz/math-monkey-miami?osq=Math+Tutoring+Center,Mon2:00 PM - 7:00 PMTue2:00 PM - 7:00 PMWed2:00 PM - 7:00 PMClosed nowThu2:00 PM - 7:00 PMFri2:00 PM - 6:00 PMSat9:00 AM - 12:00 PMSunClosed,Unclaimed,"12659 S Dixie Hwy Miami, FL 33156",Unclaimed,http://www.mathmonkeymiami.com
Math Tutor Miami,https://www.yelp.com/biz/math-tutor-miami-miami?osq=Math+Tutoring+Center,Mon10:00 AM - 7:30 PMTue10:00 AM - 7:30 PMWed10:00 AM - 7:30 PMOpen nowThu10:00 AM - 7:30 PMFri10:00 AM - 7:30 PMSatClosedSunClosed,Claimed,"225 NE 23rd St Miami, FL 33137",Claimed,http://www.mathtutor.miami
Kumon Math and Reading Center of South Kendall,https://www.yelp.com/biz/kumon-math-and-reading-center-of-south-kendall-miami?osq=Math+Tutoring+Center,Mon3:00 PM - 7:00 PMTueClosedWedClosedClosed nowThu3:00 PM - 7:00 PMFriClosedSatClosedSunClosed,Claimed,"12544 SW 120th St Miami, FL 33186",Claimed,https://www.kumon.com/SOUTH-KENDALL
Kumon Math and Reading Center of Coral Gables - University,https://www.yelp.com/biz/kumon-math-and-reading-center-of-coral-gables-university-coral-gables-3?osq=Math+Tutoring+Center,Mon2:30 PM - 6:30 PMTueClosedWed2:30 PM - 6:30 PMClosed nowThu2:30 PM - 6:30 PMFriClosedSat9:30 AM - 12:30 PMSunClosed,Claimed,"256 Altara Ave Coral Gables, FL 33146",Claimed,https://www.kumon.com/CORAL-GABLES-UNIVERSITY
Mathnasium,https://www.yelp.com/biz/mathnasium-miami-3?osq=Math+Tutoring+Center,Mon3:00 PM - 7:30 PMTue3:00 PM - 7:30 PMWed3:00 PM - 7:30 PMClosed nowThu3:00 PM - 7:30 PMFriClosedSat10:00 AM - 2:00 PMSunClosed,Claimed,"18236 SW 147th Ave Ste A3 Miami, FL 33187",Claimed,http://www.mathnasium.com/richmondwest
Omega Learning Center - West Kendall,https://www.yelp.com/biz/omega-learning-center-west-kendall-miami?osq=Math+Tutoring+Center,Mon11:00 AM - 7:00 PMTue11:00 AM - 7:00 PMWed11:00 AM - 7:00 PMOpen nowThu11:00 AM - 7:00 PMFri11:00 AM - 4:00 PMSat9:00 AM - 12:00 PMSunClosed,Claimed,"10201 Hammocks Blvd Ste 136 Miami, FL 33196",Claimed,http://westkendall-fl.omegalearning.com
On Point Tutoring,https://www.yelp.com/biz/on-point-tutoring-coral-gables?osq=Math+Tutoring+Center,Mon10:00 AM - 10:00 PMTue10:00 AM - 10:00 PMWed10:00 AM - 10:00 PMOpen nowThu10:00 AM - 10:00 PMFri10:00 AM - 6:00 PMSat10:00 AM - 6:00 PMSun10:00 AM - 10:00 PM,Claimed,"1390 S Dixie Hwy Ste 1303 Coral Gables, FL 33146",Claimed,https://www.optutoring.com
Kumon Math and Reading Center of Hammocks,https://www.yelp.com/biz/kumon-math-and-reading-center-of-hammocks-miami?osq=Math+Tutoring+Center,Mon10:00 AM - 7:00 PMTue9:00 AM - 5:00 PMWed10:00 AM - 7:00 PMOpen nowThu10:00 AM - 7:00 PMFri10:00 AM - 2:00 PMSat9:00 AM - 2:00 PMSunClosed,Claimed,"15436 SW 88th St Miami, FL 33196",Claimed,https://www.kumon.com/HAMMOCKS-FL
Mathnasium,https://www.yelp.com/biz/mathnasium-weston-2?osq=Math+Tutoring+Center,Mon2:30 PM - 7:30 PMTue2:30 PM - 7:30 PMWed2:30 PM - 7:30 PMClosed nowThu2:30 PM - 7:30 PMFri3:00 PM - 6:00 PMSat10:00 AM - 2:00 PMSunClosed,Claimed,"1664 Market St Weston, FL 33326",Claimed,http://www.mathnasium.com/weston
,https://www.yelp.com/search?find_desc=Math+Tutoring+Center&find_loc=Miami%2C+FL&start=10,,,,,
Mathnasium of Coconut Grove,https://www.yelp.com/biz/mathnasium-of-coconut-grove-miami?osq=Math+Tutoring+Center,Mon3:00 PM - 7:30 PMTue3:00 PM - 7:30 PMWed3:00 PM - 7:30 PMClosed nowThu3:00 PM - 7:30 PMFriClosedSatClosedSun2:00 PM - 4:00 PM,Claimed,"2750 SW 26th Ave Ste G Miami, FL 33133",Claimed,http://www.mathnasium.com/CoconutGrove
Powerful Minds Tutoring,https://www.yelp.com/biz/powerful-minds-tutoring-miami?osq=Math+Tutoring+Center,Mon2:00 PM - 9:00 PMTue2:00 PM - 9:00 PMWed2:00 PM - 9:00 PMClosed nowThu2:00 PM - 9:00 PMFri2:00 PM - 9:00 PMSat8:00 AM - 1:00 PMSunClosed,Claimed,"15190 SW 136th St Ste 10 Miami, FL 33196",Claimed,http://www.powerfulmindstutoring.com
Mathnasium of Palmetto Bay,https://www.yelp.com/biz/mathnasium-of-palmetto-bay-miami?osq=Math+Tutoring+Center,Mon3:00 PM - 7:30 PMTue3:00 PM - 7:30 PMWed3:00 PM - 7:30 PMClosed nowThu3:00 PM - 7:30 PMFriClosedSatClosedSun2:00 PM - 4:00 PM,Claimed,"14461 S Dixie Hwy King's Bay Shopping Center Miami, FL 33176",Claimed,http://www.mathnasium.com/palmettobay
Mathnasium of Kendall,https://www.yelp.com/biz/mathnasium-of-kendall-miami?osq=Math+Tutoring+Center,Mon3:00 PM - 7:30 PMTue3:00 PM - 7:30 PMWed3:00 PM - 7:30 PMClosed nowThu3:00 PM - 7:30 PMFriClosedSatClosedSun2:00 PM - 4:00 PM,Claimed,"13664 North Kendall Dr Miami, FL 33186",Claimed,http://www.mathnasium.com/kendall
Gables Tutoring,https://www.yelp.com/biz/gables-tutoring-miami?osq=Math+Tutoring+Center,Mon2:30 PM - 8:30 PMTue2:30 PM - 8:30 PMWed2:30 PM - 8:30 PMClosed nowThu2:30 PM - 8:30 PMFri2:30 PM - 8:30 PMSat10:00 AM - 5:00 PMSun10:00 AM - 5:00 PM,Unclaimed,"1886 S Red Rd Miami, FL 33155",Unclaimed,http://www.gablestutoring.com
Mathnasium,https://www.yelp.com/biz/mathnasium-doral?osq=Math+Tutoring+Center,Mon3:00 PM - 7:30 PMTue3:00 PM - 7:30 PMWed3:00 PM - 7:30 PMClosed nowThu3:00 PM - 7:30 PMFri3:00 PM - 7:30 PMSatClosedSunClosed,Claimed,"10723 NW 58th St Doral, FL 33178",Claimed,http://mathnasium.com/doral
Mathnasium of Dadeland,https://www.yelp.com/biz/mathnasium-of-dadeland-miami?osq=Math+Tutoring+Center,Mon3:00 PM - 7:30 PMTue3:00 PM - 7:30 PMWed3:00 PM - 7:30 PMClosed nowThu3:00 PM - 7:30 PMFriClosedSatClosedSun1:00 PM - 4:00 PM,Claimed,"8320 S Dixie Hwy Miami, FL 33143",Claimed,http://www.mathnasium.com/dadeland
SMP Tutoring,https://www.yelp.com/biz/smp-tutoring-miami?osq=Math+Tutoring+Center,Mon12:30 PM - 8:30 PMTue12:30 PM - 8:30 PMWed12:30 PM - 8:30 PMOpen nowThu12:30 PM - 8:30 PMFri12:30 PM - 7:30 PMSat9:30 AM - 2:30 PMSunClosed,Claimed,"9495 SW 72nd St Ste B-285 Miami, FL 33173",Claimed,http://www.smptutoring.com
Miami Math Coach HW & Test Prep Tutoring,https://www.yelp.com/biz/miami-math-coach-hw-and-test-prep-tutoring-miami?osq=Math+Tutoring+Center,Mon12:00 PM - 7:00 PMTue12:00 PM - 7:00 PMWed1:30 PM - 7:30 PMClosed nowThu11:00 AM - 7:30 PMFri10:00 AM - 7:30 PMSat10:00 AM - 7:00 PMSunClosed,Claimed,"2850 NW 13th St Miami, FL 33125",Claimed,http://miamimathcoach.com
Private Tutoring,https://www.yelp.com/biz/private-tutoring-miami?osq=Math+Tutoring+Center,MonOpen 24 hoursTueOpen 24 hoursWedOpen 24 hoursOpen nowThuOpen 24 hoursFriOpen 24 hoursSatOpen 24 hoursSunOpen 24 hours,Unclaimed,"2937 1/2 SW 1st Ave Miami, FL 33129",Unclaimed,https://privatetutoring.business.site
,https://www.yelp.com/search?find_desc=Math+Tutoring+Center&find_loc=Miami%2C+FL,,,,,
